model,t_statistic,p_value,mean_diff,ci_lower,ci_upper,n_pairs,mean_zs,mean_iter
Claude-3.7-Sonnet,6.96981427132472,4.258012728604915e-12,0.08503401360544217,0.06110773360038904,0.1089602936104953,2058,0.5738581146744413,0.6588921282798834
GPT-5,20.90842595468874,3.522353170812391e-88,0.24538386783284744,0.22236794586062053,0.26839978980507434,2058,0.607871720116618,0.8532555879494655
Llama-3-70B-Instruct,24.321533633840613,4.675245609758829e-115,0.30174927113702626,0.2774183259056343,0.3260802163684182,2058,0.5247813411078717,0.826530612244898
Qwen3-32B,21.678965461166683,1.0687506558327497e-92,0.2582633053221289,0.23489824058921283,0.28162837005504493,1785,0.43753501400560224,0.6957983193277311
